{"meta": {"format": 3, "version": "7.10.7", "timestamp": "2025-11-01T00:32:13.403059", "branch_coverage": true, "show_contexts": false}, "files": {"launcher/process_manager.py": {"executed_lines": [1, 7, 10, 11, 12, 15, 26, 27, 28, 29, 32, 33, 36, 37, 38, 39, 40, 43, 44, 45, 49, 51, 54, 55, 57, 58, 59, 60, 63, 64, 65, 68, 69, 70, 73, 75, 79, 97, 99, 109, 112, 120, 121, 123, 128, 130, 132, 133, 134, 135, 137, 155, 157, 161, 167, 170, 173, 180, 183, 187, 194, 195, 198, 200, 201, 202, 204, 205, 206, 207, 209, 220, 225, 226, 227, 230, 231, 232, 233, 238, 239, 240, 248, 250, 260, 261, 262, 264, 270, 271, 273, 279, 280, 282, 289, 291, 293, 299, 302, 303, 304, 307, 308, 309, 325, 326, 327, 342, 344, 355, 356, 357, 358, 359, 360, 362, 365, 366, 367, 368, 370, 371, 374, 375, 376, 383, 384, 385, 386, 387, 393, 394, 395, 396, 401, 402, 403, 408, 409, 411, 413, 414, 416, 418, 420, 423, 424, 426, 427, 434, 435, 436, 437, 438, 439, 443, 444, 446, 448, 451, 453, 455, 458, 459, 461, 462, 463, 469, 470, 471, 472, 473, 476, 477, 478, 479, 480, 482, 484, 485, 486, 488, 490, 493, 495, 496, 501, 507, 509, 512, 513, 516, 517, 518, 521, 522, 525, 526, 527, 528, 531, 532, 533, 534, 543, 544, 546, 548, 550], "summary": {"covered_lines": 207, "num_statements": 244, "percent_covered": 84.82758620689656, "percent_covered_display": "84.83", "missing_lines": 37, "excluded_lines": 0, "num_branches": 46, "num_partial_branches": 7, "covered_branches": 39, "missing_branches": 7}, "missing_lines": [168, 171, 181, 234, 235, 241, 243, 321, 322, 339, 340, 378, 379, 380, 388, 397, 399, 404, 405, 406, 428, 430, 431, 449, 464, 465, 466, 491, 498, 499, 503, 504, 505, 535, 537, 539, 540], "excluded_lines": [], "executed_branches": [[226, 227], [226, 248], [307, 308], [307, 325], [325, 326], [325, 342], [356, 357], [356, 383], [359, 360], [359, 362], [368, 370], [383, 384], [383, 408], [387, 393], [413, 414], [413, 416], [423, 424], [423, 434], [426, 423], [426, 427], [434, -411], [434, 435], [436, 437], [436, 444], [437, 438], [448, 451], [458, 459], [458, 469], [461, 462], [469, -446], [469, 470], [471, -446], [471, 472], [472, 473], [490, 493], [521, 522], [521, 525], [525, 526], [525, 543]], "missing_branches": [[368, 374], [387, 388], [437, 436], [448, 449], [461, 458], [472, 471], [490, 491]], "functions": {"LauncherProcessManager.__init__": {"executed_lines": [51, 54, 55, 57, 58, 59, 60, 63, 64, 65, 68, 69, 70, 73, 75], "summary": {"covered_lines": 15, "num_statements": 15, "percent_covered": 100.0, "percent_covered_display": "100.00", "missing_lines": 0, "excluded_lines": 0, "num_branches": 0, "num_partial_branches": 0, "covered_branches": 0, "missing_branches": 0}, "missing_lines": [], "excluded_lines": [], "executed_branches": [], "missing_branches": []}, "LauncherProcessManager.execute_with_subprocess": {"executed_lines": [97, 99, 109, 112, 120, 121, 123, 128, 130, 132, 133, 134, 135], "summary": {"covered_lines": 13, "num_statements": 13, "percent_covered": 100.0, "percent_covered_display": "100.00", "missing_lines": 0, "excluded_lines": 0, "num_branches": 0, "num_partial_branches": 0, "covered_branches": 0, "missing_branches": 0}, "missing_lines": [], "excluded_lines": [], "executed_branches": [], "missing_branches": []}, "LauncherProcessManager.execute_with_worker": {"executed_lines": [155, 157, 161, 167, 170, 173, 180, 183, 187, 194, 195, 198, 200, 201, 202, 204, 205, 206, 207], "summary": {"covered_lines": 19, "num_statements": 19, "percent_covered": 100.0, "percent_covered_display": "100.00", "missing_lines": 0, "excluded_lines": 0, "num_branches": 0, "num_partial_branches": 0, "covered_branches": 0, "missing_branches": 0}, "missing_lines": [], "excluded_lines": [], "executed_branches": [], "missing_branches": []}, "LauncherProcessManager.execute_with_worker.on_started": {"executed_lines": [], "summary": {"covered_lines": 0, "num_statements": 1, "percent_covered": 0.0, "percent_covered_display": "0.00", "missing_lines": 1, "excluded_lines": 0, "num_branches": 0, "num_partial_branches": 0, "covered_branches": 0, "missing_branches": 0}, "missing_lines": [168], "excluded_lines": [], "executed_branches": [], "missing_branches": []}, "LauncherProcessManager.execute_with_worker.on_error": {"executed_lines": [], "summary": {"covered_lines": 0, "num_statements": 1, "percent_covered": 0.0, "percent_covered_display": "0.00", "missing_lines": 1, "excluded_lines": 0, "num_branches": 0, "num_partial_branches": 0, "covered_branches": 0, "missing_branches": 0}, "missing_lines": [171], "excluded_lines": [], "executed_branches": [], "missing_branches": []}, "LauncherProcessManager.execute_with_worker.on_finished": {"executed_lines": [], "summary": {"covered_lines": 0, "num_statements": 1, "percent_covered": 0.0, "percent_covered_display": "0.00", "missing_lines": 1, "excluded_lines": 0, "num_branches": 0, "num_partial_branches": 0, "covered_branches": 0, "missing_branches": 0}, "missing_lines": [181], "excluded_lines": [], "executed_branches": [], "missing_branches": []}, "LauncherProcessManager._on_worker_finished": {"executed_lines": [220, 225, 226, 227, 230, 231, 232, 233, 238, 239, 240, 248], "summary": {"covered_lines": 12, "num_statements": 16, "percent_covered": 77.77777777777777, "percent_covered_display": "77.78", "missing_lines": 4, "excluded_lines": 0, "num_branches": 2, "num_partial_branches": 0, "covered_branches": 2, "missing_branches": 0}, "missing_lines": [234, 235, 241, 243], "excluded_lines": [], "executed_branches": [[226, 227], [226, 248]], "missing_branches": []}, "LauncherProcessManager._generate_process_key": {"executed_lines": [260, 261, 262], "summary": {"covered_lines": 3, "num_statements": 3, "percent_covered": 100.0, "percent_covered_display": "100.00", "missing_lines": 0, "excluded_lines": 0, "num_branches": 0, "num_partial_branches": 0, "covered_branches": 0, "missing_branches": 0}, "missing_lines": [], "excluded_lines": [], "executed_branches": [], "missing_branches": []}, "LauncherProcessManager.get_active_processes_dict": {"executed_lines": [270, 271], "summary": {"covered_lines": 2, "num_statements": 2, "percent_covered": 100.0, "percent_covered_display": "100.00", "missing_lines": 0, "excluded_lines": 0, "num_branches": 0, "num_partial_branches": 0, "covered_branches": 0, "missing_branches": 0}, "missing_lines": [], "excluded_lines": [], "executed_branches": [], "missing_branches": []}, "LauncherProcessManager.get_active_workers_dict": {"executed_lines": [279, 280], "summary": {"covered_lines": 2, "num_statements": 2, "percent_covered": 100.0, "percent_covered_display": "100.00", "missing_lines": 0, "excluded_lines": 0, "num_branches": 0, "num_partial_branches": 0, "covered_branches": 0, "missing_branches": 0}, "missing_lines": [], "excluded_lines": [], "executed_branches": [], "missing_branches": []}, "LauncherProcessManager.get_active_process_count": {"executed_lines": [289, 291], "summary": {"covered_lines": 2, "num_statements": 2, "percent_covered": 100.0, "percent_covered_display": "100.00", "missing_lines": 0, "excluded_lines": 0, "num_branches": 0, "num_partial_branches": 0, "covered_branches": 0, "missing_branches": 0}, "missing_lines": [], "excluded_lines": [], "executed_branches": [], "missing_branches": []}, "LauncherProcessManager.get_active_process_info": {"executed_lines": [299, 302, 303, 304, 307, 308, 309, 325, 326, 327, 342], "summary": {"covered_lines": 11, "num_statements": 15, "percent_covered": 78.94736842105263, "percent_covered_display": "78.95", "missing_lines": 4, "excluded_lines": 0, "num_branches": 4, "num_partial_branches": 0, "covered_branches": 4, "missing_branches": 0}, "missing_lines": [321, 322, 339, 340], "excluded_lines": [], "executed_branches": [[307, 308], [307, 325], [325, 326], [325, 342]], "missing_branches": []},